row_type,node_key,neo_id,labels,source_key,source_neo_id,source_labels,source_props,target_key,target_neo_id,target_labels,target_props,rel_type,display,props
NODE,Category:1,10,Category,,,,,,,,,,Smartphone,"{""id"": 1, ""name"": ""Smartphone""}"
NODE,Category:2,47,Category,,,,,,,,,,Laptop,"{""id"": 2, ""name"": ""Laptop""}"
NODE,Category:3,43,Category,,,,,,,,,,Tablet,"{""id"": 3, ""name"": ""Tablet""}"
NODE,Category:4,40,Category,,,,,,,,,,Smartwatch,"{""id"": 4, ""name"": ""Smartwatch""}"
NODE,Category:5,37,Category,,,,,,,,,,Audio,"{""id"": 5, ""name"": ""Audio""}"
NODE,Category:6,32,Category,,,,,,,,,,Accessories,"{""id"": 6, ""name"": ""Accessories""}"
NODE,Category:7,29,Category,,,,,,,,,,Fiction,"{""id"": 7, ""name"": ""Fiction""}"
NODE,Category:8,23,Category,,,,,,,,,,Non-fiction,"{""id"": 8, ""name"": ""Non-fiction""}"
NODE,Category:9,25,Category,,,,,,,,,,Children,"{""id"": 9, ""name"": ""Children""}"
NODE,Category:10,19,Category,,,,,,,,,,Clothing,"{""id"": 10, ""name"": ""Clothing""}"
NODE,Category:11,13,Category,,,,,,,,,,Shoes,"{""id"": 11, ""name"": ""Shoes""}"
NODE,Category:12,15,Category,,,,,,,,,,Bags,"{""id"": 12, ""name"": ""Bags""}"
NODE,Product:1,79,Product,,,,,,,,,,1,"{""id"": 1}"
NODE,Product:2,78,Product,,,,,,,,,,2,"{""id"": 2}"
NODE,Product:3,77,Product,,,,,,,,,,3,"{""id"": 3}"
NODE,Product:4,76,Product,,,,,,,,,,4,"{""id"": 4}"
NODE,Product:5,75,Product,,,,,,,,,,5,"{""id"": 5}"
NODE,Product:6,74,Product,,,,,,,,,,6,"{""id"": 6}"
NODE,Product:7,73,Product,,,,,,,,,,7,"{""id"": 7}"
NODE,Product:8,72,Product,,,,,,,,,,8,"{""id"": 8}"
NODE,Product:9,71,Product,,,,,,,,,,9,"{""id"": 9}"
NODE,Product:10,70,Product,,,,,,,,,,10,"{""id"": 10}"
NODE,Product:11,69,Product,,,,,,,,,,11,"{""id"": 11}"
NODE,Product:12,68,Product,,,,,,,,,,12,"{""id"": 12}"
NODE,Product:13,67,Product,,,,,,,,,,13,"{""id"": 13}"
NODE,Product:14,66,Product,,,,,,,,,,14,"{""id"": 14}"
NODE,Product:15,65,Product,,,,,,,,,,15,"{""id"": 15}"
NODE,Product:16,64,Product,,,,,,,,,,16,"{""id"": 16}"
NODE,Product:17,63,Product,,,,,,,,,,17,"{""id"": 17}"
NODE,Product:18,62,Product,,,,,,,,,,18,"{""id"": 18}"
NODE,Product:19,61,Product,,,,,,,,,,19,"{""id"": 19}"
NODE,Product:20,60,Product,,,,,,,,,,20,"{""id"": 20}"
NODE,Product:21,59,Product,,,,,,,,,,21,"{""id"": 21}"
NODE,Product:22,58,Product,,,,,,,,,,22,"{""id"": 22}"
NODE,Product:23,57,Product,,,,,,,,,,23,"{""id"": 23}"
NODE,Product:24,56,Product,,,,,,,,,,24,"{""id"": 24}"
NODE,Product:25,55,Product,,,,,,,,,,25,"{""id"": 25}"
NODE,Product:26,54,Product,,,,,,,,,,26,"{""id"": 26}"
NODE,Product:27,53,Product,,,,,,,,,,27,"{""id"": 27}"
NODE,Product:28,52,Product,,,,,,,,,,28,"{""id"": 28}"
NODE,Product:29,51,Product,,,,,,,,,,29,"{""id"": 29}"
NODE,Product:30,50,Product,,,,,,,,,,30,"{""id"": 30}"
NODE,Product:31,49,Product,,,,,,,,,,31,"{""id"": 31}"
NODE,Product:32,48,Product,,,,,,,,,,32,"{""id"": 32}"
NODE,Product:33,46,Product,,,,,,,,,,33,"{""id"": 33}"
NODE,Product:34,45,Product,,,,,,,,,,34,"{""id"": 34}"
NODE,Product:35,44,Product,,,,,,,,,,35,"{""id"": 35}"
NODE,Product:36,42,Product,,,,,,,,,,36,"{""id"": 36}"
NODE,Product:37,41,Product,,,,,,,,,,37,"{""id"": 37}"
NODE,Product:38,39,Product,,,,,,,,,,38,"{""id"": 38}"
NODE,Product:39,38,Product,,,,,,,,,,39,"{""id"": 39}"
NODE,Product:40,36,Product,,,,,,,,,,40,"{""id"": 40}"
NODE,Product:41,35,Product,,,,,,,,,,41,"{""id"": 41}"
NODE,Product:42,34,Product,,,,,,,,,,42,"{""id"": 42}"
NODE,Product:43,33,Product,,,,,,,,,,43,"{""id"": 43}"
NODE,Product:44,31,Product,,,,,,,,,,44,"{""id"": 44}"
NODE,Product:45,9,Product,,,,,,,,,,45,"{""id"": 45}"
NODE,Product:46,30,Product,,,,,,,,,,46,"{""id"": 46}"
NODE,Product:47,28,Product,,,,,,,,,,47,"{""id"": 47}"
NODE,Product:48,27,Product,,,,,,,,,,48,"{""id"": 48}"
NODE,Product:49,26,Product,,,,,,,,,,49,"{""id"": 49}"
NODE,Product:50,24,Product,,,,,,,,,,50,"{""id"": 50}"
NODE,Product:51,22,Product,,,,,,,,,,51,"{""id"": 51}"
NODE,Product:52,21,Product,,,,,,,,,,52,"{""id"": 52}"
NODE,Product:53,20,Product,,,,,,,,,,53,"{""id"": 53}"
NODE,Product:54,18,Product,,,,,,,,,,54,"{""id"": 54}"
NODE,Product:55,12,Product,,,,,,,,,,55,"{""id"": 55}"
NODE,Product:56,17,Product,,,,,,,,,,56,"{""id"": 56}"
NODE,Product:57,14,Product,,,,,,,,,,57,"{""id"": 57}"
NODE,Query:chơi game,5,Query,,,,,,,,,,chơi game,"{""text"": ""chơi game""}"
NODE,Query:tôi muốn mua laptop,3,Query,,,,,,,,,,tôi muốn mua laptop,"{""text"": ""tôi muốn mua laptop""}"
NODE,Query:tôi muốn mua laptop gaming,2,Query,,,,,,,,,,tôi muốn mua laptop gaming,"{""text"": ""tôi muốn mua laptop gaming""}"
NODE,Query:tôi muốn mua tai nghe,7,Query,,,,,,,,,,tôi muốn mua tai nghe,"{""text"": ""tôi muốn mua tai nghe""}"
NODE,Query:tôi muốn mua điện thoại,6,Query,,,,,,,,,,tôi muốn mua điện thoại,"{""text"": ""tôi muốn mua điện thoại""}"
NODE,Query:tôi muốn mua điện thoại apple,80,Query,,,,,,,,,,tôi muốn mua điện thoại apple,"{""text"": ""tôi muốn mua điện thoại apple""}"
NODE,Query:tôi muốn mua điện thoại thông minh,1,Query,,,,,,,,,,tôi muốn mua điện thoại thông minh,"{""text"": ""tôi muốn mua điện thoại thông minh""}"
NODE,User:1,11,User,,,,,,,,,,1,"{""id"": ""1""}"
NODE,User:2,8,User,,,,,,,,,,2,"{""id"": ""2""}"
NODE,User:3,16,User,,,,,,,,,,3,"{""id"": ""3""}"
NODE,User:1,0,User,,,,,,,,,,1,"{""id"": 1}"
NODE,User:2,4,User,,,,,,,,,,2,"{""id"": 2}"
EDGE,,,,User:2,8,User,"{""id"": ""2""}",Product:45,9,Product,"{""id"": 45}",ADDED_TO_CART,,"{""w"": 10.0}"
EDGE,,,,User:2,8,User,"{""id"": ""2""}",Product:55,12,Product,"{""id"": 55}",ADDED_TO_CART,,"{""w"": 5.0}"
EDGE,,,,User:2,8,User,"{""id"": ""2""}",Product:57,14,Product,"{""id"": 57}",ADDED_TO_CART,,"{""w"": 5.0}"
EDGE,,,,User:1,11,User,"{""id"": ""1""}",Product:45,9,Product,"{""id"": 45}",ADDED_TO_CART,,"{""w"": 25.0}"
EDGE,,,,User:1,11,User,"{""id"": ""1""}",Product:55,12,Product,"{""id"": 55}",ADDED_TO_CART,,"{""w"": 15.0}"
EDGE,,,,Product:45,9,Product,"{""id"": 45}",Category:1,10,Category,"{""id"": 1, ""name"": ""Smartphone""}",IN_CATEGORY,,{}
EDGE,,,,Product:55,12,Product,"{""id"": 55}",Category:11,13,Category,"{""id"": 11, ""name"": ""Shoes""}",IN_CATEGORY,,{}
EDGE,,,,Product:57,14,Product,"{""id"": 57}",Category:12,15,Category,"{""id"": 12, ""name"": ""Bags""}",IN_CATEGORY,,{}
EDGE,,,,Product:56,17,Product,"{""id"": 56}",Category:11,13,Category,"{""id"": 11, ""name"": ""Shoes""}",IN_CATEGORY,,{}
EDGE,,,,Product:54,18,Product,"{""id"": 54}",Category:10,19,Category,"{""id"": 10, ""name"": ""Clothing""}",IN_CATEGORY,,{}
EDGE,,,,Product:53,20,Product,"{""id"": 53}",Category:10,19,Category,"{""id"": 10, ""name"": ""Clothing""}",IN_CATEGORY,,{}
EDGE,,,,Product:52,21,Product,"{""id"": 52}",Category:10,19,Category,"{""id"": 10, ""name"": ""Clothing""}",IN_CATEGORY,,{}
EDGE,,,,Product:51,22,Product,"{""id"": 51}",Category:8,23,Category,"{""id"": 8, ""name"": ""Non-fiction""}",IN_CATEGORY,,{}
EDGE,,,,Product:50,24,Product,"{""id"": 50}",Category:9,25,Category,"{""id"": 9, ""name"": ""Children""}",IN_CATEGORY,,{}
EDGE,,,,Product:49,26,Product,"{""id"": 49}",Category:8,23,Category,"{""id"": 8, ""name"": ""Non-fiction""}",IN_CATEGORY,,{}
EDGE,,,,Product:48,27,Product,"{""id"": 48}",Category:8,23,Category,"{""id"": 8, ""name"": ""Non-fiction""}",IN_CATEGORY,,{}
EDGE,,,,Product:47,28,Product,"{""id"": 47}",Category:7,29,Category,"{""id"": 7, ""name"": ""Fiction""}",IN_CATEGORY,,{}
EDGE,,,,Product:46,30,Product,"{""id"": 46}",Category:7,29,Category,"{""id"": 7, ""name"": ""Fiction""}",IN_CATEGORY,,{}
EDGE,,,,Product:44,31,Product,"{""id"": 44}",Category:6,32,Category,"{""id"": 6, ""name"": ""Accessories""}",IN_CATEGORY,,{}
EDGE,,,,Product:43,33,Product,"{""id"": 43}",Category:6,32,Category,"{""id"": 6, ""name"": ""Accessories""}",IN_CATEGORY,,{}
EDGE,,,,Product:42,34,Product,"{""id"": 42}",Category:6,32,Category,"{""id"": 6, ""name"": ""Accessories""}",IN_CATEGORY,,{}
EDGE,,,,Product:41,35,Product,"{""id"": 41}",Category:6,32,Category,"{""id"": 6, ""name"": ""Accessories""}",IN_CATEGORY,,{}
EDGE,,,,Product:40,36,Product,"{""id"": 40}",Category:5,37,Category,"{""id"": 5, ""name"": ""Audio""}",IN_CATEGORY,,{}
EDGE,,,,Product:39,38,Product,"{""id"": 39}",Category:5,37,Category,"{""id"": 5, ""name"": ""Audio""}",IN_CATEGORY,,{}
EDGE,,,,Product:38,39,Product,"{""id"": 38}",Category:4,40,Category,"{""id"": 4, ""name"": ""Smartwatch""}",IN_CATEGORY,,{}
EDGE,,,,Product:37,41,Product,"{""id"": 37}",Category:4,40,Category,"{""id"": 4, ""name"": ""Smartwatch""}",IN_CATEGORY,,{}
EDGE,,,,Product:36,42,Product,"{""id"": 36}",Category:3,43,Category,"{""id"": 3, ""name"": ""Tablet""}",IN_CATEGORY,,{}
EDGE,,,,Product:35,44,Product,"{""id"": 35}",Category:3,43,Category,"{""id"": 3, ""name"": ""Tablet""}",IN_CATEGORY,,{}
EDGE,,,,Product:34,45,Product,"{""id"": 34}",Category:3,43,Category,"{""id"": 3, ""name"": ""Tablet""}",IN_CATEGORY,,{}
EDGE,,,,Product:33,46,Product,"{""id"": 33}",Category:2,47,Category,"{""id"": 2, ""name"": ""Laptop""}",IN_CATEGORY,,{}
EDGE,,,,Product:32,48,Product,"{""id"": 32}",Category:2,47,Category,"{""id"": 2, ""name"": ""Laptop""}",IN_CATEGORY,,{}
EDGE,,,,Product:31,49,Product,"{""id"": 31}",Category:2,47,Category,"{""id"": 2, ""name"": ""Laptop""}",IN_CATEGORY,,{}
EDGE,,,,Product:30,50,Product,"{""id"": 30}",Category:2,47,Category,"{""id"": 2, ""name"": ""Laptop""}",IN_CATEGORY,,{}
EDGE,,,,Product:29,51,Product,"{""id"": 29}",Category:2,47,Category,"{""id"": 2, ""name"": ""Laptop""}",IN_CATEGORY,,{}
EDGE,,,,Product:28,52,Product,"{""id"": 28}",Category:1,10,Category,"{""id"": 1, ""name"": ""Smartphone""}",IN_CATEGORY,,{}
EDGE,,,,Product:27,53,Product,"{""id"": 27}",Category:1,10,Category,"{""id"": 1, ""name"": ""Smartphone""}",IN_CATEGORY,,{}
EDGE,,,,Product:26,54,Product,"{""id"": 26}",Category:1,10,Category,"{""id"": 1, ""name"": ""Smartphone""}",IN_CATEGORY,,{}
EDGE,,,,Product:25,55,Product,"{""id"": 25}",Category:1,10,Category,"{""id"": 1, ""name"": ""Smartphone""}",IN_CATEGORY,,{}
EDGE,,,,Product:24,56,Product,"{""id"": 24}",Category:1,10,Category,"{""id"": 1, ""name"": ""Smartphone""}",IN_CATEGORY,,{}
EDGE,,,,Product:23,57,Product,"{""id"": 23}",Category:6,32,Category,"{""id"": 6, ""name"": ""Accessories""}",IN_CATEGORY,,{}
EDGE,,,,Product:22,58,Product,"{""id"": 22}",Category:6,32,Category,"{""id"": 6, ""name"": ""Accessories""}",IN_CATEGORY,,{}
EDGE,,,,Product:21,59,Product,"{""id"": 21}",Category:6,32,Category,"{""id"": 6, ""name"": ""Accessories""}",IN_CATEGORY,,{}
EDGE,,,,Product:20,60,Product,"{""id"": 20}",Category:5,37,Category,"{""id"": 5, ""name"": ""Audio""}",IN_CATEGORY,,{}
EDGE,,,,Product:19,61,Product,"{""id"": 19}",Category:5,37,Category,"{""id"": 5, ""name"": ""Audio""}",IN_CATEGORY,,{}
EDGE,,,,Product:18,62,Product,"{""id"": 18}",Category:5,37,Category,"{""id"": 5, ""name"": ""Audio""}",IN_CATEGORY,,{}
EDGE,,,,Product:17,63,Product,"{""id"": 17}",Category:4,40,Category,"{""id"": 4, ""name"": ""Smartwatch""}",IN_CATEGORY,,{}
EDGE,,,,Product:16,64,Product,"{""id"": 16}",Category:4,40,Category,"{""id"": 4, ""name"": ""Smartwatch""}",IN_CATEGORY,,{}
EDGE,,,,Product:15,65,Product,"{""id"": 15}",Category:2,47,Category,"{""id"": 2, ""name"": ""Laptop""}",IN_CATEGORY,,{}
EDGE,,,,Product:14,66,Product,"{""id"": 14}",Category:2,47,Category,"{""id"": 2, ""name"": ""Laptop""}",IN_CATEGORY,,{}
EDGE,,,,Product:13,67,Product,"{""id"": 13}",Category:2,47,Category,"{""id"": 2, ""name"": ""Laptop""}",IN_CATEGORY,,{}
EDGE,,,,Product:12,68,Product,"{""id"": 12}",Category:2,47,Category,"{""id"": 2, ""name"": ""Laptop""}",IN_CATEGORY,,{}
EDGE,,,,Product:11,69,Product,"{""id"": 11}",Category:3,43,Category,"{""id"": 3, ""name"": ""Tablet""}",IN_CATEGORY,,{}
EDGE,,,,Product:10,70,Product,"{""id"": 10}",Category:3,43,Category,"{""id"": 3, ""name"": ""Tablet""}",IN_CATEGORY,,{}
EDGE,,,,Product:9,71,Product,"{""id"": 9}",Category:1,10,Category,"{""id"": 1, ""name"": ""Smartphone""}",IN_CATEGORY,,{}
EDGE,,,,Product:8,72,Product,"{""id"": 8}",Category:1,10,Category,"{""id"": 1, ""name"": ""Smartphone""}",IN_CATEGORY,,{}
EDGE,,,,Product:7,73,Product,"{""id"": 7}",Category:1,10,Category,"{""id"": 1, ""name"": ""Smartphone""}",IN_CATEGORY,,{}
EDGE,,,,Product:6,74,Product,"{""id"": 6}",Category:1,10,Category,"{""id"": 1, ""name"": ""Smartphone""}",IN_CATEGORY,,{}
EDGE,,,,Product:5,75,Product,"{""id"": 5}",Category:1,10,Category,"{""id"": 1, ""name"": ""Smartphone""}",IN_CATEGORY,,{}
EDGE,,,,Product:4,76,Product,"{""id"": 4}",Category:1,10,Category,"{""id"": 1, ""name"": ""Smartphone""}",IN_CATEGORY,,{}
EDGE,,,,Product:3,77,Product,"{""id"": 3}",Category:2,47,Category,"{""id"": 2, ""name"": ""Laptop""}",IN_CATEGORY,,{}
EDGE,,,,Product:2,78,Product,"{""id"": 2}",Category:1,10,Category,"{""id"": 1, ""name"": ""Smartphone""}",IN_CATEGORY,,{}
EDGE,,,,Product:1,79,Product,"{""id"": 1}",Category:1,10,Category,"{""id"": 1, ""name"": ""Smartphone""}",IN_CATEGORY,,{}
EDGE,,,,User:1,0,User,"{""id"": 1}",Query:tôi muốn mua điện thoại thông minh,1,Query,"{""text"": ""tôi muốn mua điện thoại thông minh""}",SEARCHED,,"{""w"": 1.0}"
EDGE,,,,User:1,0,User,"{""id"": 1}",Query:tôi muốn mua laptop gaming,2,Query,"{""text"": ""tôi muốn mua laptop gaming""}",SEARCHED,,"{""w"": 3.0}"
EDGE,,,,User:1,0,User,"{""id"": 1}",Query:tôi muốn mua laptop,3,Query,"{""text"": ""tôi muốn mua laptop""}",SEARCHED,,"{""w"": 2.0}"
EDGE,,,,User:1,0,User,"{""id"": 1}",Query:chơi game,5,Query,"{""text"": ""chơi game""}",SEARCHED,,"{""w"": 1.0}"
EDGE,,,,User:1,0,User,"{""id"": 1}",Query:tôi muốn mua điện thoại apple,80,Query,"{""text"": ""tôi muốn mua điện thoại apple""}",SEARCHED,,"{""w"": 1.0}"
EDGE,,,,User:2,4,User,"{""id"": 2}",Query:tôi muốn mua laptop,3,Query,"{""text"": ""tôi muốn mua laptop""}",SEARCHED,,"{""w"": 1.0}"
EDGE,,,,User:2,4,User,"{""id"": 2}",Query:chơi game,5,Query,"{""text"": ""chơi game""}",SEARCHED,,"{""w"": 1.0}"
EDGE,,,,User:2,4,User,"{""id"": 2}",Query:tôi muốn mua điện thoại,6,Query,"{""text"": ""tôi muốn mua điện thoại""}",SEARCHED,,"{""w"": 1.0}"
EDGE,,,,User:2,4,User,"{""id"": 2}",Query:tôi muốn mua tai nghe,7,Query,"{""text"": ""tôi muốn mua tai nghe""}",SEARCHED,,"{""w"": 1.0}"
EDGE,,,,Product:45,9,Product,"{""id"": 45}",Product:55,12,Product,"{""id"": 55}",SIMILAR,,"{""score"": 0.6521956415610418}"
EDGE,,,,Product:45,9,Product,"{""id"": 45}",Product:38,39,Product,"{""id"": 38}",SIMILAR,,"{""score"": 0.708322958555495}"
EDGE,,,,Product:45,9,Product,"{""id"": 45}",Product:37,41,Product,"{""id"": 37}",SIMILAR,,"{""score"": 0.733302028966852}"
EDGE,,,,Product:45,9,Product,"{""id"": 45}",Product:26,54,Product,"{""id"": 26}",SIMILAR,,"{""score"": 0.7397655646477727}"
EDGE,,,,Product:45,9,Product,"{""id"": 45}",Product:22,58,Product,"{""id"": 22}",SIMILAR,,"{""score"": 0.7953195253045926}"
EDGE,,,,Product:45,9,Product,"{""id"": 45}",Product:19,61,Product,"{""id"": 19}",SIMILAR,,"{""score"": 0.7213720240708623}"
EDGE,,,,Product:45,9,Product,"{""id"": 45}",Product:7,73,Product,"{""id"": 7}",SIMILAR,,"{""score"": 0.7994059430985072}"
EDGE,,,,Product:45,9,Product,"{""id"": 45}",Product:6,74,Product,"{""id"": 6}",SIMILAR,,"{""score"": 0.819015615176297}"
EDGE,,,,Product:45,9,Product,"{""id"": 45}",Product:1,79,Product,"{""id"": 1}",SIMILAR,,"{""score"": 0.7747425886003428}"
EDGE,,,,Product:55,12,Product,"{""id"": 55}",Product:45,9,Product,"{""id"": 45}",SIMILAR,,"{""score"": 0.6521956415610418}"
EDGE,,,,Product:55,12,Product,"{""id"": 55}",Product:56,17,Product,"{""id"": 56}",SIMILAR,,"{""score"": 0.6883275797320144}"
EDGE,,,,Product:55,12,Product,"{""id"": 55}",Product:53,20,Product,"{""id"": 53}",SIMILAR,,"{""score"": 0.6831043736625791}"
EDGE,,,,Product:55,12,Product,"{""id"": 55}",Product:52,21,Product,"{""id"": 52}",SIMILAR,,"{""score"": 0.6804600928249928}"
EDGE,,,,Product:55,12,Product,"{""id"": 55}",Product:20,60,Product,"{""id"": 20}",SIMILAR,,"{""score"": 0.6761124163462694}"
EDGE,,,,Product:57,14,Product,"{""id"": 57}",Product:56,17,Product,"{""id"": 56}",SIMILAR,,"{""score"": 0.6768744348765999}"
EDGE,,,,Product:57,14,Product,"{""id"": 57}",Product:54,18,Product,"{""id"": 54}",SIMILAR,,"{""score"": 0.6450642031189089}"
EDGE,,,,Product:57,14,Product,"{""id"": 57}",Product:53,20,Product,"{""id"": 53}",SIMILAR,,"{""score"": 0.6451501280317409}"
EDGE,,,,Product:57,14,Product,"{""id"": 57}",Product:52,21,Product,"{""id"": 52}",SIMILAR,,"{""score"": 0.677102589538614}"
EDGE,,,,Product:57,14,Product,"{""id"": 57}",Product:17,63,Product,"{""id"": 17}",SIMILAR,,"{""score"": 0.6581151345676101}"
EDGE,,,,Product:56,17,Product,"{""id"": 56}",Product:55,12,Product,"{""id"": 55}",SIMILAR,,"{""score"": 0.6883275797320144}"
EDGE,,,,Product:56,17,Product,"{""id"": 56}",Product:57,14,Product,"{""id"": 57}",SIMILAR,,"{""score"": 0.6768744348765999}"
EDGE,,,,Product:56,17,Product,"{""id"": 56}",Product:54,18,Product,"{""id"": 54}",SIMILAR,,"{""score"": 0.6554341154307176}"
EDGE,,,,Product:56,17,Product,"{""id"": 56}",Product:53,20,Product,"{""id"": 53}",SIMILAR,,"{""score"": 0.6739588633709933}"
EDGE,,,,Product:56,17,Product,"{""id"": 56}",Product:52,21,Product,"{""id"": 52}",SIMILAR,,"{""score"": 0.6549135024476088}"
EDGE,,,,Product:54,18,Product,"{""id"": 54}",Product:57,14,Product,"{""id"": 57}",SIMILAR,,"{""score"": 0.6450642031189089}"
EDGE,,,,Product:54,18,Product,"{""id"": 54}",Product:56,17,Product,"{""id"": 56}",SIMILAR,,"{""score"": 0.6554341154307176}"
EDGE,,,,Product:54,18,Product,"{""id"": 54}",Product:53,20,Product,"{""id"": 53}",SIMILAR,,"{""score"": 0.6419101189866697}"
EDGE,,,,Product:54,18,Product,"{""id"": 54}",Product:52,21,Product,"{""id"": 52}",SIMILAR,,"{""score"": 0.6860743725845871}"
EDGE,,,,Product:54,18,Product,"{""id"": 54}",Product:35,44,Product,"{""id"": 35}",SIMILAR,,"{""score"": 0.6467537884708945}"
EDGE,,,,Product:53,20,Product,"{""id"": 53}",Product:55,12,Product,"{""id"": 55}",SIMILAR,,"{""score"": 0.6831043736625791}"
EDGE,,,,Product:53,20,Product,"{""id"": 53}",Product:57,14,Product,"{""id"": 57}",SIMILAR,,"{""score"": 0.6451501280317409}"
EDGE,,,,Product:53,20,Product,"{""id"": 53}",Product:56,17,Product,"{""id"": 56}",SIMILAR,,"{""score"": 0.6739588633709933}"
EDGE,,,,Product:53,20,Product,"{""id"": 53}",Product:54,18,Product,"{""id"": 54}",SIMILAR,,"{""score"": 0.6419101189866697}"
EDGE,,,,Product:53,20,Product,"{""id"": 53}",Product:52,21,Product,"{""id"": 52}",SIMILAR,,"{""score"": 0.6897010195400267}"
EDGE,,,,Product:52,21,Product,"{""id"": 52}",Product:55,12,Product,"{""id"": 55}",SIMILAR,,"{""score"": 0.6804600928249928}"
EDGE,,,,Product:52,21,Product,"{""id"": 52}",Product:57,14,Product,"{""id"": 57}",SIMILAR,,"{""score"": 0.677102589538614}"
EDGE,,,,Product:52,21,Product,"{""id"": 52}",Product:56,17,Product,"{""id"": 56}",SIMILAR,,"{""score"": 0.6549135024476088}"
EDGE,,,,Product:52,21,Product,"{""id"": 52}",Product:54,18,Product,"{""id"": 54}",SIMILAR,,"{""score"": 0.6860743725845871}"
EDGE,,,,Product:52,21,Product,"{""id"": 52}",Product:53,20,Product,"{""id"": 53}",SIMILAR,,"{""score"": 0.6897010195400267}"
EDGE,,,,Product:52,21,Product,"{""id"": 52}",Product:13,67,Product,"{""id"": 13}",SIMILAR,,"{""score"": 0.6866916916041313}"
EDGE,,,,Product:51,22,Product,"{""id"": 51}",Product:50,24,Product,"{""id"": 50}",SIMILAR,,"{""score"": 0.6506679732183862}"
EDGE,,,,Product:51,22,Product,"{""id"": 51}",Product:49,26,Product,"{""id"": 49}",SIMILAR,,"{""score"": 0.6856633612624848}"
EDGE,,,,Product:51,22,Product,"{""id"": 51}",Product:48,27,Product,"{""id"": 48}",SIMILAR,,"{""score"": 0.7068504326678792}"
EDGE,,,,Product:51,22,Product,"{""id"": 51}",Product:47,28,Product,"{""id"": 47}",SIMILAR,,"{""score"": 0.6494229896418918}"
EDGE,,,,Product:51,22,Product,"{""id"": 51}",Product:46,30,Product,"{""id"": 46}",SIMILAR,,"{""score"": 0.6603451006164277}"
EDGE,,,,Product:50,24,Product,"{""id"": 50}",Product:51,22,Product,"{""id"": 51}",SIMILAR,,"{""score"": 0.6506679732183862}"
EDGE,,,,Product:50,24,Product,"{""id"": 50}",Product:49,26,Product,"{""id"": 49}",SIMILAR,,"{""score"": 0.6419330902323531}"
EDGE,,,,Product:50,24,Product,"{""id"": 50}",Product:48,27,Product,"{""id"": 48}",SIMILAR,,"{""score"": 0.661538527688458}"
EDGE,,,,Product:50,24,Product,"{""id"": 50}",Product:47,28,Product,"{""id"": 47}",SIMILAR,,"{""score"": 0.6591814504285236}"
EDGE,,,,Product:50,24,Product,"{""id"": 50}",Product:46,30,Product,"{""id"": 46}",SIMILAR,,"{""score"": 0.6865466801493574}"
EDGE,,,,Product:49,26,Product,"{""id"": 49}",Product:51,22,Product,"{""id"": 51}",SIMILAR,,"{""score"": 0.6856633612624848}"
EDGE,,,,Product:49,26,Product,"{""id"": 49}",Product:50,24,Product,"{""id"": 50}",SIMILAR,,"{""score"": 0.6419330902323531}"
EDGE,,,,Product:49,26,Product,"{""id"": 49}",Product:48,27,Product,"{""id"": 48}",SIMILAR,,"{""score"": 0.7213788336677417}"
EDGE,,,,Product:49,26,Product,"{""id"": 49}",Product:47,28,Product,"{""id"": 47}",SIMILAR,,"{""score"": 0.6510901637589427}"
EDGE,,,,Product:49,26,Product,"{""id"": 49}",Product:46,30,Product,"{""id"": 46}",SIMILAR,,"{""score"": 0.6398534966476285}"
EDGE,,,,Product:48,27,Product,"{""id"": 48}",Product:51,22,Product,"{""id"": 51}",SIMILAR,,"{""score"": 0.7068504326678792}"
EDGE,,,,Product:48,27,Product,"{""id"": 48}",Product:50,24,Product,"{""id"": 50}",SIMILAR,,"{""score"": 0.661538527688458}"
EDGE,,,,Product:48,27,Product,"{""id"": 48}",Product:49,26,Product,"{""id"": 49}",SIMILAR,,"{""score"": 0.7213788336677417}"
EDGE,,,,Product:48,27,Product,"{""id"": 48}",Product:47,28,Product,"{""id"": 47}",SIMILAR,,"{""score"": 0.682354791833249}"
EDGE,,,,Product:48,27,Product,"{""id"": 48}",Product:46,30,Product,"{""id"": 46}",SIMILAR,,"{""score"": 0.6763919858000751}"
EDGE,,,,Product:47,28,Product,"{""id"": 47}",Product:51,22,Product,"{""id"": 51}",SIMILAR,,"{""score"": 0.6494229896418918}"
EDGE,,,,Product:47,28,Product,"{""id"": 47}",Product:50,24,Product,"{""id"": 50}",SIMILAR,,"{""score"": 0.6591814504285236}"
EDGE,,,,Product:47,28,Product,"{""id"": 47}",Product:49,26,Product,"{""id"": 49}",SIMILAR,,"{""score"": 0.6510901637589427}"
EDGE,,,,Product:47,28,Product,"{""id"": 47}",Product:48,27,Product,"{""id"": 48}",SIMILAR,,"{""score"": 0.682354791833249}"
EDGE,,,,Product:47,28,Product,"{""id"": 47}",Product:46,30,Product,"{""id"": 46}",SIMILAR,,"{""score"": 0.7021725037581942}"
EDGE,,,,Product:46,30,Product,"{""id"": 46}",Product:51,22,Product,"{""id"": 51}",SIMILAR,,"{""score"": 0.6603451006164277}"
EDGE,,,,Product:46,30,Product,"{""id"": 46}",Product:50,24,Product,"{""id"": 50}",SIMILAR,,"{""score"": 0.6865466801493574}"
EDGE,,,,Product:46,30,Product,"{""id"": 46}",Product:49,26,Product,"{""id"": 49}",SIMILAR,,"{""score"": 0.6398534966476285}"
EDGE,,,,Product:46,30,Product,"{""id"": 46}",Product:48,27,Product,"{""id"": 48}",SIMILAR,,"{""score"": 0.6763919858000751}"
EDGE,,,,Product:46,30,Product,"{""id"": 46}",Product:47,28,Product,"{""id"": 47}",SIMILAR,,"{""score"": 0.7021725037581942}"
EDGE,,,,Product:44,31,Product,"{""id"": 44}",Product:43,33,Product,"{""id"": 43}",SIMILAR,,"{""score"": 0.7518333795398426}"
EDGE,,,,Product:44,31,Product,"{""id"": 44}",Product:34,45,Product,"{""id"": 34}",SIMILAR,,"{""score"": 0.688334851125582}"
EDGE,,,,Product:44,31,Product,"{""id"": 44}",Product:33,46,Product,"{""id"": 33}",SIMILAR,,"{""score"": 0.6857393485976233}"
EDGE,,,,Product:44,31,Product,"{""id"": 44}",Product:13,67,Product,"{""id"": 13}",SIMILAR,,"{""score"": 0.683349559197895}"
EDGE,,,,Product:44,31,Product,"{""id"": 44}",Product:11,69,Product,"{""id"": 11}",SIMILAR,,"{""score"": 0.7010815521194518}"
EDGE,,,,Product:43,33,Product,"{""id"": 43}",Product:44,31,Product,"{""id"": 44}",SIMILAR,,"{""score"": 0.7518333795398426}"
EDGE,,,,Product:43,33,Product,"{""id"": 43}",Product:40,36,Product,"{""id"": 40}",SIMILAR,,"{""score"": 0.7291971327015785}"
EDGE,,,,Product:43,33,Product,"{""id"": 43}",Product:33,46,Product,"{""id"": 33}",SIMILAR,,"{""score"": 0.6897140429769633}"
EDGE,,,,Product:43,33,Product,"{""id"": 43}",Product:23,57,Product,"{""id"": 23}",SIMILAR,,"{""score"": 0.6845318790989913}"
EDGE,,,,Product:43,33,Product,"{""id"": 43}",Product:13,67,Product,"{""id"": 13}",SIMILAR,,"{""score"": 0.698976074840569}"
EDGE,,,,Product:43,33,Product,"{""id"": 43}",Product:12,68,Product,"{""id"": 12}",SIMILAR,,"{""score"": 0.7020956608283732}"
EDGE,,,,Product:42,34,Product,"{""id"": 42}",Product:23,57,Product,"{""id"": 23}",SIMILAR,,"{""score"": 0.6835857282057799}"
EDGE,,,,Product:42,34,Product,"{""id"": 42}",Product:22,58,Product,"{""id"": 22}",SIMILAR,,"{""score"": 0.6847687853749382}"
EDGE,,,,Product:42,34,Product,"{""id"": 42}",Product:21,59,Product,"{""id"": 21}",SIMILAR,,"{""score"": 0.7196389685415274}"
EDGE,,,,Product:42,34,Product,"{""id"": 42}",Product:18,62,Product,"{""id"": 18}",SIMILAR,,"{""score"": 0.7064881852580123}"
EDGE,,,,Product:42,34,Product,"{""id"": 42}",Product:16,64,Product,"{""id"": 16}",SIMILAR,,"{""score"": 0.7042445940536712}"
EDGE,,,,Product:41,35,Product,"{""id"": 41}",Product:40,36,Product,"{""id"": 40}",SIMILAR,,"{""score"": 0.7086306265728067}"
EDGE,,,,Product:41,35,Product,"{""id"": 41}",Product:39,38,Product,"{""id"": 39}",SIMILAR,,"{""score"": 0.686725554338902}"
EDGE,,,,Product:41,35,Product,"{""id"": 41}",Product:23,57,Product,"{""id"": 23}",SIMILAR,,"{""score"": 0.6873245804229783}"
EDGE,,,,Product:41,35,Product,"{""id"": 41}",Product:21,59,Product,"{""id"": 21}",SIMILAR,,"{""score"": 0.6940623454850059}"
EDGE,,,,Product:41,35,Product,"{""id"": 41}",Product:20,60,Product,"{""id"": 20}",SIMILAR,,"{""score"": 0.7029124708445458}"
EDGE,,,,Product:41,35,Product,"{""id"": 41}",Product:18,62,Product,"{""id"": 18}",SIMILAR,,"{""score"": 0.6879965492763991}"
EDGE,,,,Product:40,36,Product,"{""id"": 40}",Product:43,33,Product,"{""id"": 43}",SIMILAR,,"{""score"": 0.7291971327015785}"
EDGE,,,,Product:40,36,Product,"{""id"": 40}",Product:41,35,Product,"{""id"": 41}",SIMILAR,,"{""score"": 0.7086306265728067}"
EDGE,,,,Product:40,36,Product,"{""id"": 40}",Product:39,38,Product,"{""id"": 39}",SIMILAR,,"{""score"": 0.7149086958449101}"
EDGE,,,,Product:40,36,Product,"{""id"": 40}",Product:20,60,Product,"{""id"": 20}",SIMILAR,,"{""score"": 0.7559727922979379}"
EDGE,,,,Product:40,36,Product,"{""id"": 40}",Product:19,61,Product,"{""id"": 19}",SIMILAR,,"{""score"": 0.7893401516645991}"
EDGE,,,,Product:39,38,Product,"{""id"": 39}",Product:41,35,Product,"{""id"": 41}",SIMILAR,,"{""score"": 0.686725554338902}"
EDGE,,,,Product:39,38,Product,"{""id"": 39}",Product:40,36,Product,"{""id"": 40}",SIMILAR,,"{""score"": 0.7149086958449101}"
EDGE,,,,Product:39,38,Product,"{""id"": 39}",Product:20,60,Product,"{""id"": 20}",SIMILAR,,"{""score"": 0.6902859335877484}"
EDGE,,,,Product:39,38,Product,"{""id"": 39}",Product:19,61,Product,"{""id"": 19}",SIMILAR,,"{""score"": 0.6766927844219081}"
EDGE,,,,Product:39,38,Product,"{""id"": 39}",Product:18,62,Product,"{""id"": 18}",SIMILAR,,"{""score"": 0.78437799245822}"
EDGE,,,,Product:38,39,Product,"{""id"": 38}",Product:45,9,Product,"{""id"": 45}",SIMILAR,,"{""score"": 0.708322958555495}"
EDGE,,,,Product:38,39,Product,"{""id"": 38}",Product:37,41,Product,"{""id"": 37}",SIMILAR,,"{""score"": 0.7667078291875566}"
EDGE,,,,Product:38,39,Product,"{""id"": 38}",Product:24,56,Product,"{""id"": 24}",SIMILAR,,"{""score"": 0.7054487235956391}"
EDGE,,,,Product:38,39,Product,"{""id"": 38}",Product:17,63,Product,"{""id"": 17}",SIMILAR,,"{""score"": 0.748512877777516}"
EDGE,,,,Product:38,39,Product,"{""id"": 38}",Product:16,64,Product,"{""id"": 16}",SIMILAR,,"{""score"": 0.7622115027328887}"
EDGE,,,,Product:37,41,Product,"{""id"": 37}",Product:45,9,Product,"{""id"": 45}",SIMILAR,,"{""score"": 0.733302028966852}"
EDGE,,,,Product:37,41,Product,"{""id"": 37}",Product:38,39,Product,"{""id"": 38}",SIMILAR,,"{""score"": 0.7667078291875566}"
EDGE,,,,Product:37,41,Product,"{""id"": 37}",Product:20,60,Product,"{""id"": 20}",SIMILAR,,"{""score"": 0.759911946618268}"
EDGE,,,,Product:37,41,Product,"{""id"": 37}",Product:17,63,Product,"{""id"": 17}",SIMILAR,,"{""score"": 0.8460122993938973}"
EDGE,,,,Product:37,41,Product,"{""id"": 37}",Product:16,64,Product,"{""id"": 16}",SIMILAR,,"{""score"": 0.7823968018436442}"
EDGE,,,,Product:36,42,Product,"{""id"": 36}",Product:35,44,Product,"{""id"": 35}",SIMILAR,,"{""score"": 0.7785512395100715}"
EDGE,,,,Product:36,42,Product,"{""id"": 36}",Product:34,45,Product,"{""id"": 34}",SIMILAR,,"{""score"": 0.743114700445296}"
EDGE,,,,Product:36,42,Product,"{""id"": 36}",Product:11,69,Product,"{""id"": 11}",SIMILAR,,"{""score"": 0.7608126799604433}"
EDGE,,,,Product:36,42,Product,"{""id"": 36}",Product:10,70,Product,"{""id"": 10}",SIMILAR,,"{""score"": 0.7855215002518334}"
EDGE,,,,Product:36,42,Product,"{""id"": 36}",Product:2,78,Product,"{""id"": 2}",SIMILAR,,"{""score"": 0.7385492320430931}"
EDGE,,,,Product:35,44,Product,"{""id"": 35}",Product:54,18,Product,"{""id"": 54}",SIMILAR,,"{""score"": 0.6467537884708945}"
EDGE,,,,Product:35,44,Product,"{""id"": 35}",Product:36,42,Product,"{""id"": 36}",SIMILAR,,"{""score"": 0.7785512395100715}"
EDGE,,,,Product:35,44,Product,"{""id"": 35}",Product:34,45,Product,"{""id"": 34}",SIMILAR,,"{""score"": 0.757754432625316}"
EDGE,,,,Product:35,44,Product,"{""id"": 35}",Product:16,64,Product,"{""id"": 16}",SIMILAR,,"{""score"": 0.7351213902458541}"
EDGE,,,,Product:35,44,Product,"{""id"": 35}",Product:11,69,Product,"{""id"": 11}",SIMILAR,,"{""score"": 0.828555933999165}"
EDGE,,,,Product:35,44,Product,"{""id"": 35}",Product:10,70,Product,"{""id"": 10}",SIMILAR,,"{""score"": 0.7770564698695421}"
EDGE,,,,Product:35,44,Product,"{""id"": 35}",Product:5,75,Product,"{""id"": 5}",SIMILAR,,"{""score"": 0.7692793588620461}"
EDGE,,,,Product:34,45,Product,"{""id"": 34}",Product:44,31,Product,"{""id"": 44}",SIMILAR,,"{""score"": 0.688334851125582}"
EDGE,,,,Product:34,45,Product,"{""id"": 34}",Product:36,42,Product,"{""id"": 36}",SIMILAR,,"{""score"": 0.743114700445296}"
EDGE,,,,Product:34,45,Product,"{""id"": 34}",Product:35,44,Product,"{""id"": 35}",SIMILAR,,"{""score"": 0.757754432625316}"
EDGE,,,,Product:34,45,Product,"{""id"": 34}",Product:33,46,Product,"{""id"": 33}",SIMILAR,,"{""score"": 0.7494311883492127}"
EDGE,,,,Product:34,45,Product,"{""id"": 34}",Product:13,67,Product,"{""id"": 13}",SIMILAR,,"{""score"": 0.8403774770363075}"
EDGE,,,,Product:34,45,Product,"{""id"": 34}",Product:11,69,Product,"{""id"": 11}",SIMILAR,,"{""score"": 0.754205923841266}"
EDGE,,,,Product:34,45,Product,"{""id"": 34}",Product:10,70,Product,"{""id"": 10}",SIMILAR,,"{""score"": 0.8372236412355644}"
EDGE,,,,Product:33,46,Product,"{""id"": 33}",Product:44,31,Product,"{""id"": 44}",SIMILAR,,"{""score"": 0.6857393485976233}"
EDGE,,,,Product:33,46,Product,"{""id"": 33}",Product:43,33,Product,"{""id"": 43}",SIMILAR,,"{""score"": 0.6897140429769633}"
EDGE,,,,Product:33,46,Product,"{""id"": 33}",Product:34,45,Product,"{""id"": 34}",SIMILAR,,"{""score"": 0.7494311883492127}"
EDGE,,,,Product:33,46,Product,"{""id"": 33}",Product:32,48,Product,"{""id"": 32}",SIMILAR,,"{""score"": 0.7813520041834323}"
EDGE,,,,Product:33,46,Product,"{""id"": 33}",Product:14,66,Product,"{""id"": 14}",SIMILAR,,"{""score"": 0.785702985192958}"
EDGE,,,,Product:33,46,Product,"{""id"": 33}",Product:13,67,Product,"{""id"": 13}",SIMILAR,,"{""score"": 0.7879297023780226}"
EDGE,,,,Product:33,46,Product,"{""id"": 33}",Product:12,68,Product,"{""id"": 12}",SIMILAR,,"{""score"": 0.770311851718404}"
EDGE,,,,Product:33,46,Product,"{""id"": 33}",Product:3,77,Product,"{""id"": 3}",SIMILAR,,"{""score"": 0.7621937743091375}"
EDGE,,,,Product:32,48,Product,"{""id"": 32}",Product:33,46,Product,"{""id"": 33}",SIMILAR,,"{""score"": 0.7813520041834323}"
EDGE,,,,Product:32,48,Product,"{""id"": 32}",Product:29,51,Product,"{""id"": 29}",SIMILAR,,"{""score"": 0.7455870198983137}"
EDGE,,,,Product:32,48,Product,"{""id"": 32}",Product:15,65,Product,"{""id"": 15}",SIMILAR,,"{""score"": 0.7852665826448272}"
EDGE,,,,Product:32,48,Product,"{""id"": 32}",Product:12,68,Product,"{""id"": 12}",SIMILAR,,"{""score"": 0.7373306856246212}"
EDGE,,,,Product:32,48,Product,"{""id"": 32}",Product:3,77,Product,"{""id"": 3}",SIMILAR,,"{""score"": 0.7685714975853922}"
EDGE,,,,Product:31,49,Product,"{""id"": 31}",Product:30,50,Product,"{""id"": 30}",SIMILAR,,"{""score"": 0.7746674101533718}"
EDGE,,,,Product:31,49,Product,"{""id"": 31}",Product:29,51,Product,"{""id"": 29}",SIMILAR,,"{""score"": 0.7709255319540743}"
EDGE,,,,Product:31,49,Product,"{""id"": 31}",Product:15,65,Product,"{""id"": 15}",SIMILAR,,"{""score"": 0.8026530239017627}"
EDGE,,,,Product:31,49,Product,"{""id"": 31}",Product:14,66,Product,"{""id"": 14}",SIMILAR,,"{""score"": 0.7427108607279863}"
EDGE,,,,Product:31,49,Product,"{""id"": 31}",Product:3,77,Product,"{""id"": 3}",SIMILAR,,"{""score"": 0.8089726710799077}"
EDGE,,,,Product:30,50,Product,"{""id"": 30}",Product:31,49,Product,"{""id"": 31}",SIMILAR,,"{""score"": 0.7746674101533718}"
EDGE,,,,Product:30,50,Product,"{""id"": 30}",Product:29,51,Product,"{""id"": 29}",SIMILAR,,"{""score"": 0.7893872450497899}"
EDGE,,,,Product:30,50,Product,"{""id"": 30}",Product:15,65,Product,"{""id"": 15}",SIMILAR,,"{""score"": 0.7975828876060655}"
EDGE,,,,Product:30,50,Product,"{""id"": 30}",Product:14,66,Product,"{""id"": 14}",SIMILAR,,"{""score"": 0.7555366634427853}"
EDGE,,,,Product:30,50,Product,"{""id"": 30}",Product:3,77,Product,"{""id"": 3}",SIMILAR,,"{""score"": 0.8239211313133317}"
EDGE,,,,Product:29,51,Product,"{""id"": 29}",Product:32,48,Product,"{""id"": 32}",SIMILAR,,"{""score"": 0.7455870198983137}"
EDGE,,,,Product:29,51,Product,"{""id"": 29}",Product:31,49,Product,"{""id"": 31}",SIMILAR,,"{""score"": 0.7709255319540743}"
EDGE,,,,Product:29,51,Product,"{""id"": 29}",Product:30,50,Product,"{""id"": 30}",SIMILAR,,"{""score"": 0.7893872450497899}"
EDGE,,,,Product:29,51,Product,"{""id"": 29}",Product:15,65,Product,"{""id"": 15}",SIMILAR,,"{""score"": 0.8245174984706058}"
EDGE,,,,Product:29,51,Product,"{""id"": 29}",Product:14,66,Product,"{""id"": 14}",SIMILAR,,"{""score"": 0.7628240919235876}"
EDGE,,,,Product:29,51,Product,"{""id"": 29}",Product:3,77,Product,"{""id"": 3}",SIMILAR,,"{""score"": 0.8378977785610358}"
EDGE,,,,Product:28,52,Product,"{""id"": 28}",Product:27,53,Product,"{""id"": 27}",SIMILAR,,"{""score"": 0.778520418268375}"
EDGE,,,,Product:28,52,Product,"{""id"": 28}",Product:25,55,Product,"{""id"": 25}",SIMILAR,,"{""score"": 0.7968074304993904}"
EDGE,,,,Product:28,52,Product,"{""id"": 28}",Product:9,71,Product,"{""id"": 9}",SIMILAR,,"{""score"": 0.7979933096614192}"
EDGE,,,,Product:28,52,Product,"{""id"": 28}",Product:8,72,Product,"{""id"": 8}",SIMILAR,,"{""score"": 0.791601305080519}"
EDGE,,,,Product:28,52,Product,"{""id"": 28}",Product:2,78,Product,"{""id"": 2}",SIMILAR,,"{""score"": 0.8173780911686435}"
EDGE,,,,Product:27,53,Product,"{""id"": 27}",Product:28,52,Product,"{""id"": 28}",SIMILAR,,"{""score"": 0.778520418268375}"
EDGE,,,,Product:27,53,Product,"{""id"": 27}",Product:25,55,Product,"{""id"": 25}",SIMILAR,,"{""score"": 0.7765984944457701}"
EDGE,,,,Product:27,53,Product,"{""id"": 27}",Product:21,59,Product,"{""id"": 21}",SIMILAR,,"{""score"": 0.6567378400140355}"
EDGE,,,,Product:27,53,Product,"{""id"": 27}",Product:9,71,Product,"{""id"": 9}",SIMILAR,,"{""score"": 0.7705643918223065}"
EDGE,,,,Product:27,53,Product,"{""id"": 27}",Product:8,72,Product,"{""id"": 8}",SIMILAR,,"{""score"": 0.7656763125112009}"
EDGE,,,,Product:27,53,Product,"{""id"": 27}",Product:5,75,Product,"{""id"": 5}",SIMILAR,,"{""score"": 0.7748884229721444}"
EDGE,,,,Product:26,54,Product,"{""id"": 26}",Product:45,9,Product,"{""id"": 45}",SIMILAR,,"{""score"": 0.7397655646477727}"
EDGE,,,,Product:26,54,Product,"{""id"": 26}",Product:7,73,Product,"{""id"": 7}",SIMILAR,,"{""score"": 0.8041241236513741}"
EDGE,,,,Product:26,54,Product,"{""id"": 26}",Product:5,75,Product,"{""id"": 5}",SIMILAR,,"{""score"": 0.7793810424660423}"
EDGE,,,,Product:26,54,Product,"{""id"": 26}",Product:2,78,Product,"{""id"": 2}",SIMILAR,,"{""score"": 0.7464394606561041}"
EDGE,,,,Product:26,54,Product,"{""id"": 26}",Product:1,79,Product,"{""id"": 1}",SIMILAR,,"{""score"": 0.8095741289834438}"
EDGE,,,,Product:25,55,Product,"{""id"": 25}",Product:28,52,Product,"{""id"": 28}",SIMILAR,,"{""score"": 0.7968074304993904}"
EDGE,,,,Product:25,55,Product,"{""id"": 25}",Product:27,53,Product,"{""id"": 27}",SIMILAR,,"{""score"": 0.7765984944457701}"
EDGE,,,,Product:25,55,Product,"{""id"": 25}",Product:24,56,Product,"{""id"": 24}",SIMILAR,,"{""score"": 0.8058680407902895}"
EDGE,,,,Product:25,55,Product,"{""id"": 25}",Product:8,72,Product,"{""id"": 8}",SIMILAR,,"{""score"": 0.7964451995335912}"
EDGE,,,,Product:25,55,Product,"{""id"": 25}",Product:5,75,Product,"{""id"": 5}",SIMILAR,,"{""score"": 0.8620127448690691}"
EDGE,,,,Product:25,55,Product,"{""id"": 25}",Product:4,76,Product,"{""id"": 4}",SIMILAR,,"{""score"": 0.7586880907096037}"
EDGE,,,,Product:25,55,Product,"{""id"": 25}",Product:2,78,Product,"{""id"": 2}",SIMILAR,,"{""score"": 0.7787563975554798}"
EDGE,,,,Product:24,56,Product,"{""id"": 24}",Product:38,39,Product,"{""id"": 38}",SIMILAR,,"{""score"": 0.7054487235956391}"
EDGE,,,,Product:24,56,Product,"{""id"": 24}",Product:25,55,Product,"{""id"": 25}",SIMILAR,,"{""score"": 0.8058680407902895}"
EDGE,,,,Product:24,56,Product,"{""id"": 24}",Product:23,57,Product,"{""id"": 23}",SIMILAR,,"{""score"": 0.6926291350749375}"
EDGE,,,,Product:24,56,Product,"{""id"": 24}",Product:9,71,Product,"{""id"": 9}",SIMILAR,,"{""score"": 0.8055942233760557}"
EDGE,,,,Product:24,56,Product,"{""id"": 24}",Product:8,72,Product,"{""id"": 8}",SIMILAR,,"{""score"": 0.7804971456624474}"
EDGE,,,,Product:24,56,Product,"{""id"": 24}",Product:5,75,Product,"{""id"": 5}",SIMILAR,,"{""score"": 0.8318903129357482}"
EDGE,,,,Product:24,56,Product,"{""id"": 24}",Product:4,76,Product,"{""id"": 4}",SIMILAR,,"{""score"": 0.8202901770920443}"
EDGE,,,,Product:24,56,Product,"{""id"": 24}",Product:2,78,Product,"{""id"": 2}",SIMILAR,,"{""score"": 0.7851633540843636}"
EDGE,,,,Product:23,57,Product,"{""id"": 23}",Product:43,33,Product,"{""id"": 43}",SIMILAR,,"{""score"": 0.6845318790989913}"
EDGE,,,,Product:23,57,Product,"{""id"": 23}",Product:42,34,Product,"{""id"": 42}",SIMILAR,,"{""score"": 0.6835857282057799}"
EDGE,,,,Product:23,57,Product,"{""id"": 23}",Product:41,35,Product,"{""id"": 41}",SIMILAR,,"{""score"": 0.6873245804229783}"
EDGE,,,,Product:23,57,Product,"{""id"": 23}",Product:24,56,Product,"{""id"": 24}",SIMILAR,,"{""score"": 0.6926291350749375}"
EDGE,,,,Product:23,57,Product,"{""id"": 23}",Product:22,58,Product,"{""id"": 22}",SIMILAR,,"{""score"": 0.6943528894116302}"
EDGE,,,,Product:23,57,Product,"{""id"": 23}",Product:21,59,Product,"{""id"": 21}",SIMILAR,,"{""score"": 0.7868847253947986}"
EDGE,,,,Product:22,58,Product,"{""id"": 22}",Product:45,9,Product,"{""id"": 45}",SIMILAR,,"{""score"": 0.7953195253045926}"
EDGE,,,,Product:22,58,Product,"{""id"": 22}",Product:42,34,Product,"{""id"": 42}",SIMILAR,,"{""score"": 0.6847687853749382}"
EDGE,,,,Product:22,58,Product,"{""id"": 22}",Product:23,57,Product,"{""id"": 23}",SIMILAR,,"{""score"": 0.6943528894116302}"
EDGE,,,,Product:22,58,Product,"{""id"": 22}",Product:21,59,Product,"{""id"": 21}",SIMILAR,,"{""score"": 0.7124960287487915}"
EDGE,,,,Product:22,58,Product,"{""id"": 22}",Product:14,66,Product,"{""id"": 14}",SIMILAR,,"{""score"": 0.7211904162840616}"
EDGE,,,,Product:22,58,Product,"{""id"": 22}",Product:7,73,Product,"{""id"": 7}",SIMILAR,,"{""score"": 0.717114954239467}"
EDGE,,,,Product:22,58,Product,"{""id"": 22}",Product:6,74,Product,"{""id"": 6}",SIMILAR,,"{""score"": 0.732797872344143}"
EDGE,,,,Product:22,58,Product,"{""id"": 22}",Product:3,77,Product,"{""id"": 3}",SIMILAR,,"{""score"": 0.7198273582939477}"
EDGE,,,,Product:21,59,Product,"{""id"": 21}",Product:42,34,Product,"{""id"": 42}",SIMILAR,,"{""score"": 0.7196389685415274}"
EDGE,,,,Product:21,59,Product,"{""id"": 21}",Product:41,35,Product,"{""id"": 41}",SIMILAR,,"{""score"": 0.6940623454850059}"
EDGE,,,,Product:21,59,Product,"{""id"": 21}",Product:27,53,Product,"{""id"": 27}",SIMILAR,,"{""score"": 0.6567378400140355}"
EDGE,,,,Product:21,59,Product,"{""id"": 21}",Product:23,57,Product,"{""id"": 23}",SIMILAR,,"{""score"": 0.7868847253947986}"
EDGE,,,,Product:21,59,Product,"{""id"": 21}",Product:22,58,Product,"{""id"": 22}",SIMILAR,,"{""score"": 0.7124960287487915}"
EDGE,,,,Product:20,60,Product,"{""id"": 20}",Product:55,12,Product,"{""id"": 55}",SIMILAR,,"{""score"": 0.6761124163462694}"
EDGE,,,,Product:20,60,Product,"{""id"": 20}",Product:41,35,Product,"{""id"": 41}",SIMILAR,,"{""score"": 0.7029124708445458}"
EDGE,,,,Product:20,60,Product,"{""id"": 20}",Product:40,36,Product,"{""id"": 40}",SIMILAR,,"{""score"": 0.7559727922979379}"
EDGE,,,,Product:20,60,Product,"{""id"": 20}",Product:39,38,Product,"{""id"": 39}",SIMILAR,,"{""score"": 0.6902859335877484}"
EDGE,,,,Product:20,60,Product,"{""id"": 20}",Product:37,41,Product,"{""id"": 37}",SIMILAR,,"{""score"": 0.759911946618268}"
EDGE,,,,Product:20,60,Product,"{""id"": 20}",Product:19,61,Product,"{""id"": 19}",SIMILAR,,"{""score"": 0.7995299104335445}"
EDGE,,,,Product:20,60,Product,"{""id"": 20}",Product:18,62,Product,"{""id"": 18}",SIMILAR,,"{""score"": 0.7002944933250248}"
EDGE,,,,Product:20,60,Product,"{""id"": 20}",Product:17,63,Product,"{""id"": 17}",SIMILAR,,"{""score"": 0.7864128172534884}"
EDGE,,,,Product:20,60,Product,"{""id"": 20}",Product:13,67,Product,"{""id"": 13}",SIMILAR,,"{""score"": 0.7264877187714767}"
EDGE,,,,Product:19,61,Product,"{""id"": 19}",Product:45,9,Product,"{""id"": 45}",SIMILAR,,"{""score"": 0.7213720240708623}"
EDGE,,,,Product:19,61,Product,"{""id"": 19}",Product:40,36,Product,"{""id"": 40}",SIMILAR,,"{""score"": 0.7893401516645991}"
EDGE,,,,Product:19,61,Product,"{""id"": 19}",Product:39,38,Product,"{""id"": 39}",SIMILAR,,"{""score"": 0.6766927844219081}"
EDGE,,,,Product:19,61,Product,"{""id"": 19}",Product:20,60,Product,"{""id"": 20}",SIMILAR,,"{""score"": 0.7995299104335445}"
EDGE,,,,Product:19,61,Product,"{""id"": 19}",Product:18,62,Product,"{""id"": 18}",SIMILAR,,"{""score"": 0.697501041705694}"
EDGE,,,,Product:19,61,Product,"{""id"": 19}",Product:6,74,Product,"{""id"": 6}",SIMILAR,,"{""score"": 0.7222528113653739}"
EDGE,,,,Product:18,62,Product,"{""id"": 18}",Product:42,34,Product,"{""id"": 42}",SIMILAR,,"{""score"": 0.7064881852580123}"
EDGE,,,,Product:18,62,Product,"{""id"": 18}",Product:41,35,Product,"{""id"": 41}",SIMILAR,,"{""score"": 0.6879965492763991}"
EDGE,,,,Product:18,62,Product,"{""id"": 18}",Product:39,38,Product,"{""id"": 39}",SIMILAR,,"{""score"": 0.78437799245822}"
EDGE,,,,Product:18,62,Product,"{""id"": 18}",Product:20,60,Product,"{""id"": 20}",SIMILAR,,"{""score"": 0.7002944933250248}"
EDGE,,,,Product:18,62,Product,"{""id"": 18}",Product:19,61,Product,"{""id"": 19}",SIMILAR,,"{""score"": 0.697501041705694}"
EDGE,,,,Product:18,62,Product,"{""id"": 18}",Product:16,64,Product,"{""id"": 16}",SIMILAR,,"{""score"": 0.7255403984255685}"
EDGE,,,,Product:17,63,Product,"{""id"": 17}",Product:57,14,Product,"{""id"": 57}",SIMILAR,,"{""score"": 0.6581151345676101}"
EDGE,,,,Product:17,63,Product,"{""id"": 17}",Product:38,39,Product,"{""id"": 38}",SIMILAR,,"{""score"": 0.748512877777516}"
EDGE,,,,Product:17,63,Product,"{""id"": 17}",Product:37,41,Product,"{""id"": 37}",SIMILAR,,"{""score"": 0.8460122993938973}"
EDGE,,,,Product:17,63,Product,"{""id"": 17}",Product:20,60,Product,"{""id"": 20}",SIMILAR,,"{""score"": 0.7864128172534884}"
EDGE,,,,Product:17,63,Product,"{""id"": 17}",Product:16,64,Product,"{""id"": 16}",SIMILAR,,"{""score"": 0.7864795595485249}"
EDGE,,,,Product:17,63,Product,"{""id"": 17}",Product:13,67,Product,"{""id"": 13}",SIMILAR,,"{""score"": 0.7399803827504149}"
EDGE,,,,Product:16,64,Product,"{""id"": 16}",Product:42,34,Product,"{""id"": 42}",SIMILAR,,"{""score"": 0.7042445940536712}"
EDGE,,,,Product:16,64,Product,"{""id"": 16}",Product:38,39,Product,"{""id"": 38}",SIMILAR,,"{""score"": 0.7622115027328887}"
EDGE,,,,Product:16,64,Product,"{""id"": 16}",Product:37,41,Product,"{""id"": 37}",SIMILAR,,"{""score"": 0.7823968018436442}"
EDGE,,,,Product:16,64,Product,"{""id"": 16}",Product:35,44,Product,"{""id"": 35}",SIMILAR,,"{""score"": 0.7351213902458541}"
EDGE,,,,Product:16,64,Product,"{""id"": 16}",Product:18,62,Product,"{""id"": 18}",SIMILAR,,"{""score"": 0.7255403984255685}"
EDGE,,,,Product:16,64,Product,"{""id"": 16}",Product:17,63,Product,"{""id"": 17}",SIMILAR,,"{""score"": 0.7864795595485249}"
EDGE,,,,Product:15,65,Product,"{""id"": 15}",Product:32,48,Product,"{""id"": 32}",SIMILAR,,"{""score"": 0.7852665826448272}"
EDGE,,,,Product:15,65,Product,"{""id"": 15}",Product:31,49,Product,"{""id"": 31}",SIMILAR,,"{""score"": 0.8026530239017627}"
EDGE,,,,Product:15,65,Product,"{""id"": 15}",Product:30,50,Product,"{""id"": 30}",SIMILAR,,"{""score"": 0.7975828876060655}"
EDGE,,,,Product:15,65,Product,"{""id"": 15}",Product:29,51,Product,"{""id"": 29}",SIMILAR,,"{""score"": 0.8245174984706058}"
EDGE,,,,Product:15,65,Product,"{""id"": 15}",Product:14,66,Product,"{""id"": 14}",SIMILAR,,"{""score"": 0.7573432231123589}"
EDGE,,,,Product:15,65,Product,"{""id"": 15}",Product:3,77,Product,"{""id"": 3}",SIMILAR,,"{""score"": 0.8740390779832858}"
EDGE,,,,Product:14,66,Product,"{""id"": 14}",Product:33,46,Product,"{""id"": 33}",SIMILAR,,"{""score"": 0.785702985192958}"
EDGE,,,,Product:14,66,Product,"{""id"": 14}",Product:31,49,Product,"{""id"": 31}",SIMILAR,,"{""score"": 0.7427108607279863}"
EDGE,,,,Product:14,66,Product,"{""id"": 14}",Product:30,50,Product,"{""id"": 30}",SIMILAR,,"{""score"": 0.7555366634427853}"
EDGE,,,,Product:14,66,Product,"{""id"": 14}",Product:29,51,Product,"{""id"": 29}",SIMILAR,,"{""score"": 0.7628240919235876}"
EDGE,,,,Product:14,66,Product,"{""id"": 14}",Product:22,58,Product,"{""id"": 22}",SIMILAR,,"{""score"": 0.7211904162840616}"
EDGE,,,,Product:14,66,Product,"{""id"": 14}",Product:15,65,Product,"{""id"": 15}",SIMILAR,,"{""score"": 0.7573432231123589}"
EDGE,,,,Product:14,66,Product,"{""id"": 14}",Product:13,67,Product,"{""id"": 13}",SIMILAR,,"{""score"": 0.7469887058377398}"
EDGE,,,,Product:14,66,Product,"{""id"": 14}",Product:3,77,Product,"{""id"": 3}",SIMILAR,,"{""score"": 0.7848629452694561}"
EDGE,,,,Product:13,67,Product,"{""id"": 13}",Product:52,21,Product,"{""id"": 52}",SIMILAR,,"{""score"": 0.6866916916041313}"
EDGE,,,,Product:13,67,Product,"{""id"": 13}",Product:44,31,Product,"{""id"": 44}",SIMILAR,,"{""score"": 0.683349559197895}"
EDGE,,,,Product:13,67,Product,"{""id"": 13}",Product:43,33,Product,"{""id"": 43}",SIMILAR,,"{""score"": 0.698976074840569}"
EDGE,,,,Product:13,67,Product,"{""id"": 13}",Product:34,45,Product,"{""id"": 34}",SIMILAR,,"{""score"": 0.8403774770363075}"
EDGE,,,,Product:13,67,Product,"{""id"": 13}",Product:33,46,Product,"{""id"": 33}",SIMILAR,,"{""score"": 0.7879297023780226}"
EDGE,,,,Product:13,67,Product,"{""id"": 13}",Product:20,60,Product,"{""id"": 20}",SIMILAR,,"{""score"": 0.7264877187714767}"
EDGE,,,,Product:13,67,Product,"{""id"": 13}",Product:17,63,Product,"{""id"": 17}",SIMILAR,,"{""score"": 0.7399803827504149}"
EDGE,,,,Product:13,67,Product,"{""id"": 13}",Product:14,66,Product,"{""id"": 14}",SIMILAR,,"{""score"": 0.7469887058377398}"
EDGE,,,,Product:13,67,Product,"{""id"": 13}",Product:12,68,Product,"{""id"": 12}",SIMILAR,,"{""score"": 0.7782344248447203}"
EDGE,,,,Product:13,67,Product,"{""id"": 13}",Product:10,70,Product,"{""id"": 10}",SIMILAR,,"{""score"": 0.7268479448713967}"
EDGE,,,,Product:12,68,Product,"{""id"": 12}",Product:43,33,Product,"{""id"": 43}",SIMILAR,,"{""score"": 0.7020956608283732}"
EDGE,,,,Product:12,68,Product,"{""id"": 12}",Product:33,46,Product,"{""id"": 33}",SIMILAR,,"{""score"": 0.770311851718404}"
EDGE,,,,Product:12,68,Product,"{""id"": 12}",Product:32,48,Product,"{""id"": 32}",SIMILAR,,"{""score"": 0.7373306856246212}"
EDGE,,,,Product:12,68,Product,"{""id"": 12}",Product:13,67,Product,"{""id"": 13}",SIMILAR,,"{""score"": 0.7782344248447203}"
EDGE,,,,Product:12,68,Product,"{""id"": 12}",Product:7,73,Product,"{""id"": 7}",SIMILAR,,"{""score"": 0.7377637510336386}"
EDGE,,,,Product:12,68,Product,"{""id"": 12}",Product:3,77,Product,"{""id"": 3}",SIMILAR,,"{""score"": 0.7591922598817622}"
EDGE,,,,Product:11,69,Product,"{""id"": 11}",Product:44,31,Product,"{""id"": 44}",SIMILAR,,"{""score"": 0.7010815521194518}"
EDGE,,,,Product:11,69,Product,"{""id"": 11}",Product:36,42,Product,"{""id"": 36}",SIMILAR,,"{""score"": 0.7608126799604433}"
EDGE,,,,Product:11,69,Product,"{""id"": 11}",Product:35,44,Product,"{""id"": 35}",SIMILAR,,"{""score"": 0.828555933999165}"
EDGE,,,,Product:11,69,Product,"{""id"": 11}",Product:34,45,Product,"{""id"": 34}",SIMILAR,,"{""score"": 0.754205923841266}"
EDGE,,,,Product:11,69,Product,"{""id"": 11}",Product:10,70,Product,"{""id"": 10}",SIMILAR,,"{""score"": 0.7726698783488286}"
EDGE,,,,Product:11,69,Product,"{""id"": 11}",Product:5,75,Product,"{""id"": 5}",SIMILAR,,"{""score"": 0.7236801699802256}"
EDGE,,,,Product:10,70,Product,"{""id"": 10}",Product:36,42,Product,"{""id"": 36}",SIMILAR,,"{""score"": 0.7855215002518334}"
EDGE,,,,Product:10,70,Product,"{""id"": 10}",Product:35,44,Product,"{""id"": 35}",SIMILAR,,"{""score"": 0.7770564698695421}"
EDGE,,,,Product:10,70,Product,"{""id"": 10}",Product:34,45,Product,"{""id"": 34}",SIMILAR,,"{""score"": 0.8372236412355644}"
EDGE,,,,Product:10,70,Product,"{""id"": 10}",Product:13,67,Product,"{""id"": 13}",SIMILAR,,"{""score"": 0.7268479448713967}"
EDGE,,,,Product:10,70,Product,"{""id"": 10}",Product:11,69,Product,"{""id"": 11}",SIMILAR,,"{""score"": 0.7726698783488286}"
EDGE,,,,Product:9,71,Product,"{""id"": 9}",Product:28,52,Product,"{""id"": 28}",SIMILAR,,"{""score"": 0.7979933096614192}"
EDGE,,,,Product:9,71,Product,"{""id"": 9}",Product:27,53,Product,"{""id"": 27}",SIMILAR,,"{""score"": 0.7705643918223065}"
EDGE,,,,Product:9,71,Product,"{""id"": 9}",Product:24,56,Product,"{""id"": 24}",SIMILAR,,"{""score"": 0.8055942233760557}"
EDGE,,,,Product:9,71,Product,"{""id"": 9}",Product:5,75,Product,"{""id"": 5}",SIMILAR,,"{""score"": 0.7624449773439573}"
EDGE,,,,Product:9,71,Product,"{""id"": 9}",Product:4,76,Product,"{""id"": 4}",SIMILAR,,"{""score"": 0.760863849587491}"
EDGE,,,,Product:9,71,Product,"{""id"": 9}",Product:2,78,Product,"{""id"": 2}",SIMILAR,,"{""score"": 0.8018019030678654}"
EDGE,,,,Product:8,72,Product,"{""id"": 8}",Product:28,52,Product,"{""id"": 28}",SIMILAR,,"{""score"": 0.791601305080519}"
EDGE,,,,Product:8,72,Product,"{""id"": 8}",Product:27,53,Product,"{""id"": 27}",SIMILAR,,"{""score"": 0.7656763125112009}"
EDGE,,,,Product:8,72,Product,"{""id"": 8}",Product:25,55,Product,"{""id"": 25}",SIMILAR,,"{""score"": 0.7964451995335912}"
EDGE,,,,Product:8,72,Product,"{""id"": 8}",Product:24,56,Product,"{""id"": 24}",SIMILAR,,"{""score"": 0.7804971456624474}"
EDGE,,,,Product:8,72,Product,"{""id"": 8}",Product:5,75,Product,"{""id"": 5}",SIMILAR,,"{""score"": 0.7746803505437028}"
EDGE,,,,Product:8,72,Product,"{""id"": 8}",Product:2,78,Product,"{""id"": 2}",SIMILAR,,"{""score"": 0.8245565111057382}"
EDGE,,,,Product:7,73,Product,"{""id"": 7}",Product:45,9,Product,"{""id"": 45}",SIMILAR,,"{""score"": 0.7994059430985072}"
EDGE,,,,Product:7,73,Product,"{""id"": 7}",Product:26,54,Product,"{""id"": 26}",SIMILAR,,"{""score"": 0.8041241236513741}"
EDGE,,,,Product:7,73,Product,"{""id"": 7}",Product:22,58,Product,"{""id"": 22}",SIMILAR,,"{""score"": 0.717114954239467}"
EDGE,,,,Product:7,73,Product,"{""id"": 7}",Product:12,68,Product,"{""id"": 12}",SIMILAR,,"{""score"": 0.7377637510336386}"
EDGE,,,,Product:7,73,Product,"{""id"": 7}",Product:6,74,Product,"{""id"": 6}",SIMILAR,,"{""score"": 0.7953789201435201}"
EDGE,,,,Product:7,73,Product,"{""id"": 7}",Product:5,75,Product,"{""id"": 5}",SIMILAR,,"{""score"": 0.7647744995060305}"
EDGE,,,,Product:7,73,Product,"{""id"": 7}",Product:1,79,Product,"{""id"": 1}",SIMILAR,,"{""score"": 0.955945891683631}"
EDGE,,,,Product:6,74,Product,"{""id"": 6}",Product:45,9,Product,"{""id"": 45}",SIMILAR,,"{""score"": 0.819015615176297}"
EDGE,,,,Product:6,74,Product,"{""id"": 6}",Product:22,58,Product,"{""id"": 22}",SIMILAR,,"{""score"": 0.732797872344143}"
EDGE,,,,Product:6,74,Product,"{""id"": 6}",Product:19,61,Product,"{""id"": 19}",SIMILAR,,"{""score"": 0.7222528113653739}"
EDGE,,,,Product:6,74,Product,"{""id"": 6}",Product:7,73,Product,"{""id"": 7}",SIMILAR,,"{""score"": 0.7953789201435201}"
EDGE,,,,Product:6,74,Product,"{""id"": 6}",Product:5,75,Product,"{""id"": 5}",SIMILAR,,"{""score"": 0.7388743588151567}"
EDGE,,,,Product:6,74,Product,"{""id"": 6}",Product:1,79,Product,"{""id"": 1}",SIMILAR,,"{""score"": 0.7725961217104184}"
EDGE,,,,Product:5,75,Product,"{""id"": 5}",Product:35,44,Product,"{""id"": 35}",SIMILAR,,"{""score"": 0.7692793588620461}"
EDGE,,,,Product:5,75,Product,"{""id"": 5}",Product:27,53,Product,"{""id"": 27}",SIMILAR,,"{""score"": 0.7748884229721444}"
EDGE,,,,Product:5,75,Product,"{""id"": 5}",Product:26,54,Product,"{""id"": 26}",SIMILAR,,"{""score"": 0.7793810424660423}"
EDGE,,,,Product:5,75,Product,"{""id"": 5}",Product:25,55,Product,"{""id"": 25}",SIMILAR,,"{""score"": 0.8620127448690691}"
EDGE,,,,Product:5,75,Product,"{""id"": 5}",Product:24,56,Product,"{""id"": 24}",SIMILAR,,"{""score"": 0.8318903129357482}"
EDGE,,,,Product:5,75,Product,"{""id"": 5}",Product:11,69,Product,"{""id"": 11}",SIMILAR,,"{""score"": 0.7236801699802256}"
EDGE,,,,Product:5,75,Product,"{""id"": 5}",Product:9,71,Product,"{""id"": 9}",SIMILAR,,"{""score"": 0.7624449773439573}"
EDGE,,,,Product:5,75,Product,"{""id"": 5}",Product:8,72,Product,"{""id"": 8}",SIMILAR,,"{""score"": 0.7746803505437028}"
EDGE,,,,Product:5,75,Product,"{""id"": 5}",Product:7,73,Product,"{""id"": 7}",SIMILAR,,"{""score"": 0.7647744995060305}"
EDGE,,,,Product:5,75,Product,"{""id"": 5}",Product:6,74,Product,"{""id"": 6}",SIMILAR,,"{""score"": 0.7388743588151567}"
EDGE,,,,Product:5,75,Product,"{""id"": 5}",Product:4,76,Product,"{""id"": 4}",SIMILAR,,"{""score"": 0.7907964369823096}"
EDGE,,,,Product:5,75,Product,"{""id"": 5}",Product:2,78,Product,"{""id"": 2}",SIMILAR,,"{""score"": 0.7884313333737801}"
EDGE,,,,Product:5,75,Product,"{""id"": 5}",Product:1,79,Product,"{""id"": 1}",SIMILAR,,"{""score"": 0.7486119990617481}"
EDGE,,,,Product:4,76,Product,"{""id"": 4}",Product:25,55,Product,"{""id"": 25}",SIMILAR,,"{""score"": 0.7586880907096037}"
EDGE,,,,Product:4,76,Product,"{""id"": 4}",Product:24,56,Product,"{""id"": 24}",SIMILAR,,"{""score"": 0.8202901770920443}"
EDGE,,,,Product:4,76,Product,"{""id"": 4}",Product:9,71,Product,"{""id"": 9}",SIMILAR,,"{""score"": 0.760863849587491}"
EDGE,,,,Product:4,76,Product,"{""id"": 4}",Product:5,75,Product,"{""id"": 5}",SIMILAR,,"{""score"": 0.7907964369823096}"
EDGE,,,,Product:4,76,Product,"{""id"": 4}",Product:2,78,Product,"{""id"": 2}",SIMILAR,,"{""score"": 0.7440623845638494}"
EDGE,,,,Product:3,77,Product,"{""id"": 3}",Product:33,46,Product,"{""id"": 33}",SIMILAR,,"{""score"": 0.7621937743091375}"
EDGE,,,,Product:3,77,Product,"{""id"": 3}",Product:32,48,Product,"{""id"": 32}",SIMILAR,,"{""score"": 0.7685714975853922}"
EDGE,,,,Product:3,77,Product,"{""id"": 3}",Product:31,49,Product,"{""id"": 31}",SIMILAR,,"{""score"": 0.8089726710799077}"
EDGE,,,,Product:3,77,Product,"{""id"": 3}",Product:30,50,Product,"{""id"": 30}",SIMILAR,,"{""score"": 0.8239211313133317}"
EDGE,,,,Product:3,77,Product,"{""id"": 3}",Product:29,51,Product,"{""id"": 29}",SIMILAR,,"{""score"": 0.8378977785610358}"
EDGE,,,,Product:3,77,Product,"{""id"": 3}",Product:22,58,Product,"{""id"": 22}",SIMILAR,,"{""score"": 0.7198273582939477}"
EDGE,,,,Product:3,77,Product,"{""id"": 3}",Product:15,65,Product,"{""id"": 15}",SIMILAR,,"{""score"": 0.8740390779832858}"
EDGE,,,,Product:3,77,Product,"{""id"": 3}",Product:14,66,Product,"{""id"": 14}",SIMILAR,,"{""score"": 0.7848629452694561}"
EDGE,,,,Product:3,77,Product,"{""id"": 3}",Product:12,68,Product,"{""id"": 12}",SIMILAR,,"{""score"": 0.7591922598817622}"
EDGE,,,,Product:2,78,Product,"{""id"": 2}",Product:36,42,Product,"{""id"": 36}",SIMILAR,,"{""score"": 0.7385492320430931}"
EDGE,,,,Product:2,78,Product,"{""id"": 2}",Product:28,52,Product,"{""id"": 28}",SIMILAR,,"{""score"": 0.8173780911686435}"
EDGE,,,,Product:2,78,Product,"{""id"": 2}",Product:26,54,Product,"{""id"": 26}",SIMILAR,,"{""score"": 0.7464394606561041}"
EDGE,,,,Product:2,78,Product,"{""id"": 2}",Product:25,55,Product,"{""id"": 25}",SIMILAR,,"{""score"": 0.7787563975554798}"
EDGE,,,,Product:2,78,Product,"{""id"": 2}",Product:24,56,Product,"{""id"": 24}",SIMILAR,,"{""score"": 0.7851633540843636}"
EDGE,,,,Product:2,78,Product,"{""id"": 2}",Product:9,71,Product,"{""id"": 9}",SIMILAR,,"{""score"": 0.8018019030678654}"
EDGE,,,,Product:2,78,Product,"{""id"": 2}",Product:8,72,Product,"{""id"": 8}",SIMILAR,,"{""score"": 0.8245565111057382}"
EDGE,,,,Product:2,78,Product,"{""id"": 2}",Product:5,75,Product,"{""id"": 5}",SIMILAR,,"{""score"": 0.7884313333737801}"
EDGE,,,,Product:2,78,Product,"{""id"": 2}",Product:4,76,Product,"{""id"": 4}",SIMILAR,,"{""score"": 0.7440623845638494}"
EDGE,,,,Product:1,79,Product,"{""id"": 1}",Product:45,9,Product,"{""id"": 45}",SIMILAR,,"{""score"": 0.7747425886003428}"
EDGE,,,,Product:1,79,Product,"{""id"": 1}",Product:26,54,Product,"{""id"": 26}",SIMILAR,,"{""score"": 0.8095741289834438}"
EDGE,,,,Product:1,79,Product,"{""id"": 1}",Product:7,73,Product,"{""id"": 7}",SIMILAR,,"{""score"": 0.955945891683631}"
EDGE,,,,Product:1,79,Product,"{""id"": 1}",Product:6,74,Product,"{""id"": 6}",SIMILAR,,"{""score"": 0.7725961217104184}"
EDGE,,,,Product:1,79,Product,"{""id"": 1}",Product:5,75,Product,"{""id"": 5}",SIMILAR,,"{""score"": 0.7486119990617481}"
EDGE,,,,User:2,8,User,"{""id"": ""2""}",Product:45,9,Product,"{""id"": 45}",VIEWED,,"{""w"": 1.0}"
EDGE,,,,User:2,8,User,"{""id"": ""2""}",Product:55,12,Product,"{""id"": 55}",VIEWED,,"{""w"": 3.0}"
EDGE,,,,User:2,8,User,"{""id"": ""2""}",Product:57,14,Product,"{""id"": 57}",VIEWED,,"{""w"": 2.0}"
EDGE,,,,User:1,11,User,"{""id"": ""1""}",Product:55,12,Product,"{""id"": 55}",VIEWED,,"{""w"": 3.0}"
EDGE,,,,User:1,11,User,"{""id"": ""1""}",Product:57,14,Product,"{""id"": 57}",VIEWED,,"{""w"": 2.0}"
EDGE,,,,User:1,11,User,"{""id"": ""1""}",Product:56,17,Product,"{""id"": 56}",VIEWED,,"{""w"": 1.0}"
